{
    "root_group": {
        "name": "",
        "path": "",
        "id": "d41d8cd98f00b204e9800998ecf8427e",
        "groups": {},
        "checks": {
                "status was 200": {
                    "name": "status was 200",
                    "path": "::status was 200",
                    "id": "1461660757a913d4fb82ac4c5e1009de",
                    "passes": 1628,
                    "fails": 0
                }
            }
    },
    "metrics": {
        "http_req_tls_handshaking": {
            "med": 0,
            "max": 112.1202,
            "p(90)": 0,
            "p(95)": 0,
            "avg": 1.8299226658476657,
            "min": 0
        },
        "http_reqs": {
            "count": 1628,
            "rate": 11.53765057202729
        },
        "http_req_sending": {
            "avg": 0.012829668304668303,
            "min": 0,
            "med": 0,
            "max": 0.6026,
            "p(90)": 0,
            "p(95)": 0.06288499999999905
        },
        "data_sent": {
            "count": 182876,
            "rate": 1296.0438489005298
        },
        "checks": {
            "passes": 1628,
            "fails": 0,
            "value": 1
        },
        "http_req_receiving": {
            "p(95)": 11.261264999999998,
            "avg": 5.513223034398046,
            "min": 0,
            "med": 1.90875,
            "max": 494.317,
            "p(90)": 7.70259
        },
        "vus_max": {
            "value": 20,
            "min": 20,
            "max": 20
        },
        "http_req_duration": {
            "avg": 105.13163402948398,
            "min": 85.5669,
            "med": 100.5547,
            "max": 941.1989,
            "p(90)": 106.21871999999999,
            "p(95)": 111.576025
        },
        "http_req_duration{expected_response:true}": {
            "avg": 105.13163402948398,
            "min": 85.5669,
            "med": 100.5547,
            "max": 941.1989,
            "p(90)": 106.21871999999999,
            "p(95)": 111.576025
        },
        "http_req_failed": {
            "passes": 0,
            "fails": 1628,
            "value": 0
        },
        "data_received": {
            "count": 16187945,
            "rate": 114724.11111129995
        },
        "http_req_blocked": {
            "avg": 3.623273402948402,
            "min": 0,
            "med": 0,
            "max": 317.131,
            "p(90)": 0,
            "p(95)": 0
        },
        "http_req_connecting": {
            "avg": 1.710608538083538,
            "min": 0,
            "med": 0,
            "max": 104.2821,
            "p(90)": 0,
            "p(95)": 0
        },
        "iteration_duration": {
            "min": 1085.7679,
            "med": 1106.94675,
            "max": 1941.8951,
            "p(90)": 1118.4929,
            "p(95)": 1130.6794699999998,
            "avg": 1116.117290724818
        },
        "vus": {
            "value": 1,
            "min": 1,
            "max": 20
        },
        "http_req_waiting": {
            "p(95)": 106.23005999999998,
            "avg": 99.6055813267814,
            "min": 82.7715,
            "med": 97.27175,
            "max": 941.1989,
            "p(90)": 103.50598
        },
        "iterations": {
            "count": 1628,
            "rate": 11.53765057202729
        }
    }
}